Date,RSDS (W/mÂ²)
1850-01,200.23
1850-02,196.52
1850-03,211.29
1850-04,213.05
1850-05,196.47
1850-06,192.08
1850-07,219.59
1850-08,207.22
1850-09,206.03
1850-10,250.32
1850-11,194.75
1850-12,220.57
1851-01,224.75
1851-02,201.58
1851-03,222.09
1851-04,233.48
1851-05,166.93
1851-06,166.77
1851-07,192.36
1851-08,215.36
1851-09,233.5
1851-10,229.61
1851-11,237.79
1851-12,197.07
1852-01,256.42
1852-02,180.31
1852-03,189.22
1852-04,218.22
1852-05,152.4
1852-06,165.48
1852-07,210.46
1852-08,217.36
1852-09,177.59
1852-10,240.02
1852-11,222.93
1852-12,199.79
1853-01,248.19
1853-02,227.17
1853-03,219.31
1853-04,195.42
1853-05,181.74
1853-06,197.51
1853-07,208.2
1853-08,189.67
1853-09,239.09
1853-10,210.48
1853-11,223.34
1853-12,216.09
1854-01,230.11
1854-02,235.12
1854-03,248.62
1854-04,204.91
1854-05,177.76
1854-06,189.74
1854-07,222.12
1854-08,249.74
1854-09,242.1
1854-10,222.32
1854-11,215.68
1854-12,248.01
1855-01,233.72
1855-02,221.94
1855-03,203.89
1855-04,174.91
1855-05,180.24
1855-06,161.88
1855-07,189.59
1855-08,235.33
1855-09,222.38
1855-10,241.81
1855-11,215.61
1855-12,231.8
1856-01,217.31
1856-02,224.21
1856-03,222.31
1856-04,194.79
1856-05,201.64
1856-06,188.56
1856-07,212.39
1856-08,217.65
1856-09,200.58
1856-10,230.03
1856-11,248.76
1856-12,241.67
1857-01,247.24
1857-02,219.45
1857-03,197.48
1857-04,198.26
1857-05,170.42
1857-06,180.77
1857-07,202.78
1857-08,231.55
1857-09,223.47
1857-10,241.96
1857-11,214.54
1857-12,266.22
1858-01,253.19
1858-02,220.4
1858-03,206.76
1858-04,179.8
1858-05,160.08
1858-06,195.34
1858-07,205.32
1858-08,187.61
1858-09,215.61
1858-10,224.99
1858-11,254.24
1858-12,228.67
1859-01,239.14
1859-02,234.61
1859-03,208.89
1859-04,173.99
1859-05,217.66
1859-06,213.36
1859-07,210.77
1859-08,217.96
1859-09,202.73
1859-10,240.44
1859-11,235.91
1859-12,229.71
1860-01,240.69
1860-02,236.12
1860-03,210.41
1860-04,194.79
1860-05,199.51
1860-06,205.24
1860-07,189.47
1860-08,208.69
1860-09,251.71
1860-10,220.97
1860-11,209.04
1860-12,243.61
1861-01,185.28
1861-02,229.86
1861-03,217.76
1861-04,202.67
1861-05,197.21
1861-06,179.72
1861-07,193.6
1861-08,217.71
1861-09,199.81
1861-10,244.62
1861-11,248.63
1861-12,223.6
1862-01,240.26
1862-02,237.52
1862-03,204.67
1862-04,206.86
1862-05,204.78
1862-06,188.07
1862-07,224.94
1862-08,233.98
1862-09,201.76
1862-10,250.55
1862-11,223.46
1862-12,226.32
1863-01,229.32
1863-02,209.64
1863-03,210.53
1863-04,211.7
1863-05,148.5
1863-06,157.81
1863-07,210.52
1863-08,203.51
1863-09,234.96
1863-10,229.84
1863-11,224.88
1863-12,260.39
1864-01,241.63
1864-02,233.71
1864-03,207.3
1864-04,205.75
1864-05,191.94
1864-06,210.17
1864-07,214.0
1864-08,215.12
1864-09,238.41
1864-10,204.47
1864-11,255.53
1864-12,259.63
1865-01,202.97
1865-02,229.1
1865-03,192.23
1865-04,195.73
1865-05,163.67
1865-06,155.03
1865-07,209.6
1865-08,201.51
1865-09,214.81
1865-10,241.54
1865-11,260.01
1865-12,221.23
1866-01,247.04
1866-02,204.0
1866-03,215.43
1866-04,195.96
1866-05,217.93
1866-06,187.61
1866-07,195.86
1866-08,239.66
1866-09,240.14
1866-10,238.74
1866-11,206.69
1866-12,215.15
1867-01,224.37
1867-02,248.73
1867-03,221.36
1867-04,219.84
1867-05,179.27
1867-06,188.64
1867-07,184.41
1867-08,217.81
1867-09,207.25
1867-10,227.83
1867-11,210.36
1867-12,154.47
1868-01,290.68
1868-02,200.91
1868-03,204.12
1868-04,218.11
1868-05,180.43
1868-06,166.85
1868-07,179.43
1868-08,215.04
1868-09,217.63
1868-10,246.13
1868-11,235.44
1868-12,199.01
1869-01,227.06
1869-02,219.08
1869-03,232.49
1869-04,224.93
1869-05,171.66
1869-06,187.0
1869-07,197.5
1869-08,213.89
1869-09,216.81
1869-10,223.29
1869-11,215.78
1869-12,224.91
1870-01,237.68
1870-02,239.1
1870-03,207.03
1870-04,181.18
1870-05,206.31
1870-06,159.68
1870-07,214.95
1870-08,205.22
1870-09,227.18
1870-10,197.72
1870-11,229.24
1870-12,235.26
1871-01,208.4
1871-02,197.87
1871-03,184.23
1871-04,180.94
1871-05,206.33
1871-06,193.04
1871-07,198.5
1871-08,206.43
1871-09,204.63
1871-10,247.42
1871-11,261.19
1871-12,226.81
1872-01,261.21
1872-02,212.78
1872-03,187.83
1872-04,197.77
1872-05,186.26
1872-06,200.74
1872-07,214.81
1872-08,211.22
1872-09,205.25
1872-10,210.03
1872-11,220.24
1872-12,244.88
1873-01,225.58
1873-02,249.03
1873-03,205.93
1873-04,170.23
1873-05,191.32
1873-06,154.25
1873-07,174.62
1873-08,211.15
1873-09,210.69
1873-10,219.48
1873-11,249.51
1873-12,249.01
1874-01,232.52
1874-02,243.0
1874-03,222.64
1874-04,183.01
1874-05,204.8
1874-06,177.6
1874-07,195.71
1874-08,226.5
1874-09,206.83
1874-10,228.53
1874-11,246.13
1874-12,237.72
1875-01,226.24
1875-02,254.4
1875-03,214.83
1875-04,217.66
1875-05,157.45
1875-06,177.93
1875-07,215.9
1875-08,214.59
1875-09,226.39
1875-10,225.84
1875-11,239.25
1875-12,244.8
1876-01,205.55
1876-02,215.77
1876-03,190.9
1876-04,194.09
1876-05,209.42
1876-06,188.4
1876-07,220.27
1876-08,221.47
1876-09,201.86
1876-10,213.47
1876-11,230.99
1876-12,207.28
1877-01,225.0
1877-02,207.75
1877-03,176.74
1877-04,200.91
1877-05,177.53
1877-06,168.57
1877-07,197.52
1877-08,225.99
1877-09,211.49
1877-10,222.52
1877-11,210.29
1877-12,259.32
1878-01,213.74
1878-02,224.94
1878-03,224.88
1878-04,214.12
1878-05,164.89
1878-06,186.05
1878-07,153.07
1878-08,213.61
1878-09,200.2
1878-10,235.21
1878-11,208.55
1878-12,234.43
1879-01,239.38
1879-02,196.63
1879-03,223.4
1879-04,204.68
1879-05,175.28
1879-06,184.83
1879-07,188.84
1879-08,201.4
1879-09,250.34
1879-10,235.89
1879-11,208.27
1879-12,236.03
1880-01,254.76
1880-02,257.53
1880-03,226.14
1880-04,186.78
1880-05,185.69
1880-06,131.33
1880-07,204.5
1880-08,209.58
1880-09,221.05
1880-10,246.44
1880-11,237.55
1880-12,212.22
1881-01,232.66
1881-02,193.94
1881-03,216.01
1881-04,197.27
1881-05,215.39
1881-06,201.92
1881-07,195.4
1881-08,212.37
1881-09,232.3
1881-10,211.38
1881-11,206.2
1881-12,217.41
1882-01,272.05
1882-02,243.72
1882-03,222.72
1882-04,185.82
1882-05,189.44
1882-06,179.66
1882-07,198.06
1882-08,210.49
1882-09,255.61
1882-10,197.36
1882-11,220.18
1882-12,210.78
1883-01,250.96
1883-02,223.14
1883-03,176.02
1883-04,225.22
1883-05,179.79
1883-06,171.81
1883-07,205.86
1883-08,203.23
1883-09,254.88
1883-10,223.11
1883-11,254.24
1883-12,225.16
1884-01,265.34
1884-02,199.88
1884-03,186.32
1884-04,221.5
1884-05,215.31
1884-06,188.98
1884-07,195.89
1884-08,214.09
1884-09,197.4
1884-10,200.89
1884-11,225.65
1884-12,210.86
1885-01,199.2
1885-02,208.87
1885-03,227.39
1885-04,184.51
1885-05,208.77
1885-06,146.05
1885-07,199.35
1885-08,162.52
1885-09,242.36
1885-10,247.66
1885-11,192.81
1885-12,210.49
1886-01,237.36
1886-02,227.09
1886-03,250.53
1886-04,187.7
1886-05,176.85
1886-06,197.05
1886-07,190.56
1886-08,223.99
1886-09,233.76
1886-10,219.95
1886-11,249.57
1886-12,208.49
1887-01,236.42
1887-02,236.57
1887-03,246.37
1887-04,203.95
1887-05,199.14
1887-06,154.83
1887-07,211.76
1887-08,229.48
1887-09,156.12
1887-10,222.01
1887-11,219.4
1887-12,244.05
1888-01,237.29
1888-02,249.18
1888-03,195.86
1888-04,203.12
1888-05,182.59
1888-06,197.57
1888-07,205.26
1888-08,222.61
1888-09,225.76
1888-10,239.64
1888-11,209.29
1888-12,215.38
1889-01,262.13
1889-02,251.53
1889-03,190.94
1889-04,204.95
1889-05,151.18
1889-06,194.75
1889-07,214.26
1889-08,216.99
1889-09,231.3
1889-10,246.79
1889-11,215.95
1889-12,197.55
1890-01,259.26
1890-02,214.35
1890-03,218.13
1890-04,176.34
1890-05,177.6
1890-06,197.65
1890-07,196.43
1890-08,213.89
1890-09,234.74
1890-10,251.87
1890-11,189.56
1890-12,222.22
1891-01,214.58
1891-02,218.28
1891-03,208.69
1891-04,196.47
1891-05,216.02
1891-06,157.54
1891-07,197.25
1891-08,222.95
1891-09,214.22
1891-10,221.17
1891-11,256.72
1891-12,230.41
1892-01,223.57
1892-02,230.93
1892-03,213.31
1892-04,158.51
1892-05,188.47
1892-06,184.11
1892-07,223.58
1892-08,197.9
1892-09,233.6
1892-10,239.13
1892-11,206.43
1892-12,223.63
1893-01,210.7
1893-02,215.21
1893-03,216.39
1893-04,164.81
1893-05,224.77
1893-06,175.56
1893-07,211.87
1893-08,230.55
1893-09,212.57
1893-10,249.15
1893-11,237.2
1893-12,226.75
1894-01,214.84
1894-02,231.23
1894-03,233.4
1894-04,206.39
1894-05,179.84
1894-06,201.78
1894-07,218.53
1894-08,226.03
1894-09,182.15
1894-10,183.18
1894-11,252.59
1894-12,241.96
1895-01,213.02
1895-02,234.17
1895-03,186.37
1895-04,200.7
1895-05,201.01
1895-06,159.35
1895-07,210.64
1895-08,204.75
1895-09,223.79
1895-10,233.65
1895-11,179.87
1895-12,223.44
1896-01,217.57
1896-02,205.9
1896-03,205.44
1896-04,211.85
1896-05,167.51
1896-06,179.86
1896-07,205.69
1896-08,191.69
1896-09,257.8
1896-10,246.03
1896-11,190.74
1896-12,235.07
1897-01,264.8
1897-02,218.52
1897-03,202.64
1897-04,202.81
1897-05,209.03
1897-06,194.4
1897-07,219.08
1897-08,227.01
1897-09,217.78
1897-10,266.31
1897-11,231.02
1897-12,220.8
1898-01,237.76
1898-02,197.46
1898-03,242.71
1898-04,208.39
1898-05,193.05
1898-06,180.05
1898-07,204.19
1898-08,244.78
1898-09,239.68
1898-10,226.34
1898-11,233.02
1898-12,242.67
1899-01,220.81
1899-02,247.65
1899-03,230.64
1899-04,224.83
1899-05,156.59
1899-06,211.39
1899-07,201.6
1899-08,232.23
1899-09,237.89
1899-10,245.38
1899-11,202.85
1899-12,227.18
1900-01,232.44
1900-02,199.89
1900-03,219.91
1900-04,224.68
1900-05,182.94
1900-06,192.05
1900-07,203.77
1900-08,231.93
1900-09,216.08
1900-10,240.17
1900-11,260.99
1900-12,226.62
1901-01,262.38
1901-02,225.53
1901-03,208.9
1901-04,183.96
1901-05,199.22
1901-06,176.48
1901-07,207.07
1901-08,244.23
1901-09,219.69
1901-10,250.69
1901-11,190.52
1901-12,214.15
1902-01,233.79
1902-02,248.03
1902-03,229.25
1902-04,204.44
1902-05,187.75
1902-06,167.12
1902-07,204.71
1902-08,209.0
1902-09,224.73
1902-10,200.5
1902-11,214.39
1902-12,231.39
1903-01,195.73
1903-02,208.65
1903-03,229.12
1903-04,171.45
1903-05,170.49
1903-06,192.0
1903-07,194.36
1903-08,195.17
1903-09,207.34
1903-10,183.19
1903-11,214.9
1903-12,201.49
1904-01,237.16
1904-02,239.43
1904-03,238.82
1904-04,202.06
1904-05,202.5
1904-06,191.16
1904-07,215.85
1904-08,225.52
1904-09,223.85
1904-10,229.6
1904-11,214.77
1904-12,236.21
1905-01,228.18
1905-02,256.27
1905-03,220.88
1905-04,189.57
1905-05,206.24
1905-06,177.29
1905-07,192.37
1905-08,213.5
1905-09,238.03
1905-10,270.59
1905-11,173.4
1905-12,249.87
1906-01,240.26
1906-02,240.24
1906-03,166.59
1906-04,186.78
1906-05,169.11
1906-06,189.48
1906-07,191.72
1906-08,188.01
1906-09,239.24
1906-10,223.67
1906-11,236.38
1906-12,223.43
1907-01,214.28
1907-02,249.45
1907-03,223.66
1907-04,195.58
1907-05,195.37
1907-06,183.56
1907-07,199.61
1907-08,191.41
1907-09,217.27
1907-10,218.56
1907-11,221.77
1907-12,233.27
1908-01,231.92
1908-02,269.98
1908-03,205.67
1908-04,221.78
1908-05,200.64
1908-06,202.99
1908-07,179.11
1908-08,216.78
1908-09,235.55
1908-10,245.96
1908-11,211.0
1908-12,241.71
1909-01,247.04
1909-02,168.02
1909-03,212.69
1909-04,184.8
1909-05,188.1
1909-06,175.47
1909-07,189.57
1909-08,228.19
1909-09,188.74
1909-10,252.18
1909-11,226.34
1909-12,252.83
1910-01,241.16
1910-02,209.33
1910-03,225.29
1910-04,206.27
1910-05,159.49
1910-06,197.01
1910-07,192.63
1910-08,203.84
1910-09,234.54
1910-10,230.5
1910-11,229.12
1910-12,216.69
1911-01,236.68
1911-02,204.63
1911-03,215.31
1911-04,207.39
1911-05,193.65
1911-06,181.17
1911-07,169.17
1911-08,224.49
1911-09,228.01
1911-10,224.9
1911-11,224.89
1911-12,214.86
1912-01,263.37
1912-02,224.89
1912-03,214.4
1912-04,177.38
1912-05,172.78
1912-06,205.77
1912-07,194.9
1912-08,204.21
1912-09,232.6
1912-10,210.5
1912-11,213.69
1912-12,202.76
1913-01,206.07
1913-02,251.59
1913-03,250.92
1913-04,189.03
1913-05,179.01
1913-06,185.27
1913-07,215.83
1913-08,221.99
1913-09,224.73
1913-10,202.9
1913-11,230.42
1913-12,219.47
1914-01,234.66
1914-02,213.26
1914-03,202.39
1914-04,219.0
1914-05,159.93
1914-06,208.56
1914-07,191.54
1914-08,198.3
1914-09,235.01
1914-10,259.48
1914-11,228.44
1914-12,255.25
1915-01,256.73
1915-02,234.82
1915-03,226.65
1915-04,208.2
1915-05,193.54
1915-06,205.41
1915-07,208.33
1915-08,196.56
1915-09,201.6
1915-10,226.81
1915-11,225.26
1915-12,213.88
1916-01,257.07
1916-02,224.16
1916-03,213.0
1916-04,201.59
1916-05,205.23
1916-06,172.11
1916-07,203.84
1916-08,236.03
1916-09,217.49
1916-10,235.14
1916-11,231.71
1916-12,252.0
1917-01,235.33
1917-02,236.74
1917-03,203.21
1917-04,199.12
1917-05,174.54
1917-06,187.55
1917-07,176.75
1917-08,246.27
1917-09,255.3
1917-10,222.42
1917-11,240.2
1917-12,200.66
1918-01,225.7
1918-02,224.84
1918-03,201.01
1918-04,192.47
1918-05,194.3
1918-06,193.65
1918-07,182.8
1918-08,211.32
1918-09,215.73
1918-10,243.61
1918-11,220.47
1918-12,238.76
1919-01,224.15
1919-02,249.62
1919-03,188.6
1919-04,212.7
1919-05,166.93
1919-06,189.23
1919-07,181.35
1919-08,235.12
1919-09,225.63
1919-10,207.86
1919-11,240.77
1919-12,222.75
1920-01,226.07
1920-02,233.18
1920-03,172.51
1920-04,184.18
1920-05,192.5
1920-06,170.54
1920-07,187.52
1920-08,216.1
1920-09,169.88
1920-10,232.91
1920-11,204.17
1920-12,251.99
1921-01,230.65
1921-02,195.35
1921-03,188.23
1921-04,192.66
1921-05,185.19
1921-06,180.13
1921-07,205.48
1921-08,183.99
1921-09,178.77
1921-10,234.52
1921-11,245.37
1921-12,252.12
1922-01,213.42
1922-02,241.77
1922-03,206.72
1922-04,192.65
1922-05,199.87
1922-06,178.86
1922-07,207.07
1922-08,201.81
1922-09,245.78
1922-10,236.67
1922-11,224.25
1922-12,217.85
1923-01,238.07
1923-02,206.33
1923-03,211.3
1923-04,184.6
1923-05,155.16
1923-06,199.58
1923-07,193.2
1923-08,218.61
1923-09,218.1
1923-10,217.36
1923-11,215.8
1923-12,207.14
1924-01,220.82
1924-02,225.7
1924-03,247.3
1924-04,194.82
1924-05,173.74
1924-06,182.75
1924-07,201.91
1924-08,204.18
1924-09,214.43
1924-10,234.28
1924-11,219.6
1924-12,249.31
1925-01,243.66
1925-02,248.76
1925-03,219.88
1925-04,180.35
1925-05,186.8
1925-06,195.95
1925-07,197.05
1925-08,222.38
1925-09,229.23
1925-10,237.57
1925-11,212.51
1925-12,203.61
1926-01,237.63
1926-02,213.99
1926-03,231.88
1926-04,185.09
1926-05,184.54
1926-06,167.46
1926-07,208.56
1926-08,215.78
1926-09,223.23
1926-10,238.09
1926-11,208.39
1926-12,222.9
1927-01,271.23
1927-02,270.09
1927-03,221.68
1927-04,203.12
1927-05,150.34
1927-06,191.49
1927-07,222.76
1927-08,225.35
1927-09,243.17
1927-10,241.99
1927-11,212.81
1927-12,213.82
1928-01,211.56
1928-02,220.84
1928-03,207.31
1928-04,194.86
1928-05,152.04
1928-06,142.52
1928-07,210.33
1928-08,244.82
1928-09,245.42
1928-10,188.21
1928-11,240.58
1928-12,233.21
1929-01,250.88
1929-02,217.81
1929-03,210.54
1929-04,221.08
1929-05,196.76
1929-06,185.87
1929-07,193.31
1929-08,211.38
1929-09,217.84
1929-10,239.2
1929-11,238.55
1929-12,233.41
1930-01,211.83
1930-02,196.66
1930-03,259.89
1930-04,206.89
1930-05,158.29
1930-06,209.71
1930-07,183.79
1930-08,230.18
1930-09,223.17
1930-10,229.33
1930-11,260.35
1930-12,228.73
1931-01,232.53
1931-02,210.97
1931-03,172.88
1931-04,223.79
1931-05,181.62
1931-06,195.12
1931-07,207.29
1931-08,228.65
1931-09,214.07
1931-10,217.53
1931-11,227.81
1931-12,211.46
1932-01,243.89
1932-02,221.78
1932-03,215.3
1932-04,237.88
1932-05,207.12
1932-06,163.95
1932-07,199.85
1932-08,217.51
1932-09,227.2
1932-10,234.6
1932-11,225.72
1932-12,215.14
1933-01,242.88
1933-02,245.02
1933-03,208.25
1933-04,239.87
1933-05,187.69
1933-06,182.4
1933-07,187.83
1933-08,200.32
1933-09,183.04
1933-10,257.16
1933-11,223.6
1933-12,228.63
1934-01,234.32
1934-02,205.46
1934-03,227.18
1934-04,171.21
1934-05,187.6
1934-06,188.12
1934-07,198.04
1934-08,234.45
1934-09,187.35
1934-10,244.92
1934-11,215.28
1934-12,248.09
1935-01,233.76
1935-02,222.79
1935-03,191.5
1935-04,202.19
1935-05,217.15
1935-06,174.31
1935-07,197.32
1935-08,216.17
1935-09,179.79
1935-10,243.39
1935-11,202.98
1935-12,218.73
1936-01,229.02
1936-02,212.71
1936-03,188.52
1936-04,215.61
1936-05,181.12
1936-06,203.77
1936-07,201.47
1936-08,203.14
1936-09,220.84
1936-10,238.71
1936-11,270.5
1936-12,238.15
1937-01,215.36
1937-02,200.99
1937-03,216.52
1937-04,176.59
1937-05,179.49
1937-06,150.72
1937-07,206.92
1937-08,212.18
1937-09,216.64
1937-10,253.81
1937-11,225.36
1937-12,230.79
1938-01,219.91
1938-02,254.43
1938-03,155.04
1938-04,199.89
1938-05,162.91
1938-06,178.31
1938-07,200.46
1938-08,223.21
1938-09,235.41
1938-10,215.48
1938-11,216.34
1938-12,201.68
1939-01,202.46
1939-02,191.49
1939-03,199.75
1939-04,200.42
1939-05,183.16
1939-06,197.7
1939-07,195.76
1939-08,215.44
1939-09,229.51
1939-10,220.34
1939-11,234.01
1939-12,214.0
1940-01,218.07
1940-02,222.74
1940-03,193.63
1940-04,206.42
1940-05,188.08
1940-06,171.32
1940-07,183.34
1940-08,223.6
1940-09,217.28
1940-10,235.72
1940-11,214.9
1940-12,225.86
1941-01,270.94
1941-02,249.89
1941-03,187.24
1941-04,206.92
1941-05,195.11
1941-06,160.68
1941-07,201.17
1941-08,229.09
1941-09,256.49
1941-10,259.22
1941-11,205.88
1941-12,246.81
1942-01,203.5
1942-02,226.57
1942-03,225.3
1942-04,220.81
1942-05,183.81
1942-06,204.28
1942-07,209.88
1942-08,217.6
1942-09,235.3
1942-10,203.13
1942-11,251.81
1942-12,226.46
1943-01,218.57
1943-02,185.14
1943-03,220.05
1943-04,172.84
1943-05,173.99
1943-06,187.2
1943-07,214.35
1943-08,223.17
1943-09,228.51
1943-10,257.31
1943-11,246.19
1943-12,210.59
1944-01,283.26
1944-02,210.68
1944-03,247.42
1944-04,190.47
1944-05,185.61
1944-06,195.59
1944-07,192.54
1944-08,204.08
1944-09,199.35
1944-10,248.97
1944-11,239.22
1944-12,224.4
1945-01,225.17
1945-02,169.52
1945-03,213.45
1945-04,192.38
1945-05,174.0
1945-06,202.44
1945-07,204.34
1945-08,199.65
1945-09,247.42
1945-10,259.9
1945-11,232.84
1945-12,235.26
1946-01,222.24
1946-02,246.94
1946-03,216.63
1946-04,177.06
1946-05,158.45
1946-06,174.64
1946-07,179.58
1946-08,195.84
1946-09,251.64
1946-10,209.57
1946-11,205.18
1946-12,239.58
1947-01,223.98
1947-02,223.52
1947-03,192.49
1947-04,208.15
1947-05,165.19
1947-06,192.15
1947-07,209.09
1947-08,240.12
1947-09,190.88
1947-10,223.54
1947-11,230.69
1947-12,240.36
1948-01,244.11
1948-02,210.26
1948-03,208.94
1948-04,182.49
1948-05,167.94
1948-06,206.79
1948-07,214.25
1948-08,228.74
1948-09,214.44
1948-10,235.19
1948-11,213.4
1948-12,238.11
1949-01,223.11
1949-02,262.7
1949-03,214.86
1949-04,175.57
1949-05,178.64
1949-06,174.14
1949-07,182.56
1949-08,196.67
1949-09,259.83
1949-10,208.13
1949-11,233.43
1949-12,229.08
1950-01,221.74
1950-02,222.93
1950-03,233.5
1950-04,201.68
1950-05,161.79
1950-06,194.58
1950-07,211.5
1950-08,236.02
1950-09,224.19
1950-10,223.8
1950-11,216.28
1950-12,232.87
1951-01,238.76
1951-02,219.19
1951-03,247.43
1951-04,197.91
1951-05,189.47
1951-06,194.55
1951-07,200.36
1951-08,200.13
1951-09,176.33
1951-10,239.88
1951-11,211.26
1951-12,211.35
1952-01,226.65
1952-02,259.53
1952-03,223.48
1952-04,191.1
1952-05,191.12
1952-06,199.85
1952-07,190.11
1952-08,235.56
1952-09,196.32
1952-10,257.48
1952-11,209.93
1952-12,210.14
1953-01,234.22
1953-02,242.44
1953-03,228.84
1953-04,176.58
1953-05,171.82
1953-06,188.63
1953-07,191.07
1953-08,216.44
1953-09,225.0
1953-10,234.4
1953-11,241.85
1953-12,244.68
1954-01,227.02
1954-02,203.91
1954-03,221.83
1954-04,212.78
1954-05,177.14
1954-06,187.45
1954-07,218.1
1954-08,183.1
1954-09,223.53
1954-10,212.53
1954-11,253.51
1954-12,236.93
1955-01,242.71
1955-02,238.67
1955-03,208.06
1955-04,213.89
1955-05,182.35
1955-06,171.56
1955-07,203.75
1955-08,233.28
1955-09,234.55
1955-10,244.84
1955-11,238.74
1955-12,182.28
1956-01,255.77
1956-02,223.77
1956-03,191.54
1956-04,189.95
1956-05,166.43
1956-06,179.62
1956-07,178.42
1956-08,220.9
1956-09,237.79
1956-10,214.58
1956-11,218.94
1956-12,235.61
1957-01,225.66
1957-02,270.37
1957-03,231.94
1957-04,184.55
1957-05,195.67
1957-06,192.16
1957-07,214.91
1957-08,221.95
1957-09,229.65
1957-10,192.6
1957-11,212.45
1957-12,202.35
1958-01,216.2
1958-02,187.94
1958-03,208.11
1958-04,195.08
1958-05,200.19
1958-06,195.6
1958-07,221.24
1958-08,225.1
1958-09,212.52
1958-10,211.54
1958-11,262.39
1958-12,223.9
1959-01,206.23
1959-02,204.39
1959-03,238.86
1959-04,216.15
1959-05,181.43
1959-06,192.43
1959-07,206.15
1959-08,230.53
1959-09,255.47
1959-10,233.96
1959-11,237.44
1959-12,215.06
1960-01,252.17
1960-02,262.0
1960-03,241.47
1960-04,192.1
1960-05,174.18
1960-06,155.0
1960-07,203.17
1960-08,207.13
1960-09,206.59
1960-10,208.6
1960-11,221.45
1960-12,179.8
1961-01,238.46
1961-02,263.07
1961-03,233.11
1961-04,173.47
1961-05,167.03
1961-06,167.65
1961-07,188.1
1961-08,229.18
1961-09,225.1
1961-10,240.96
1961-11,193.36
1961-12,211.87
1962-01,209.88
1962-02,184.86
1962-03,212.43
1962-04,201.72
1962-05,213.86
1962-06,168.16
1962-07,179.17
1962-08,226.68
1962-09,265.97
1962-10,261.15
1962-11,263.17
1962-12,255.26
1963-01,259.43
1963-02,246.16
1963-03,227.63
1963-04,215.47
1963-05,133.79
1963-06,171.08
1963-07,151.93
1963-08,187.89
1963-09,200.07
1963-10,245.42
1963-11,221.82
1963-12,243.97
1964-01,231.17
1964-02,235.62
1964-03,226.1
1964-04,213.91
1964-05,203.95
1964-06,185.53
1964-07,189.01
1964-08,221.27
1964-09,239.14
1964-10,189.0
1964-11,218.91
1964-12,208.59
1965-01,225.93
1965-02,221.64
1965-03,226.09
1965-04,191.48
1965-05,192.92
1965-06,175.71
1965-07,204.38
1965-08,186.46
1965-09,187.96
1965-10,216.63
1965-11,228.01
1965-12,237.05
1966-01,264.54
1966-02,229.22
1966-03,220.94
1966-04,190.18
1966-05,185.61
1966-06,192.73
1966-07,173.87
1966-08,183.56
1966-09,198.6
1966-10,226.8
1966-11,252.08
1966-12,240.22
1967-01,216.35
1967-02,256.78
1967-03,192.54
1967-04,175.7
1967-05,180.18
1967-06,176.7
1967-07,203.45
1967-08,205.15
1967-09,230.77
1967-10,261.28
1967-11,229.98
1967-12,251.8
1968-01,228.59
1968-02,243.42
1968-03,211.92
1968-04,166.59
1968-05,158.78
1968-06,175.1
1968-07,215.52
1968-08,218.75
1968-09,211.16
1968-10,224.72
1968-11,229.37
1968-12,222.42
1969-01,210.53
1969-02,252.2
1969-03,213.06
1969-04,197.8
1969-05,186.23
1969-06,173.13
1969-07,219.7
1969-08,207.69
1969-09,205.31
1969-10,248.36
1969-11,224.7
1969-12,220.33
1970-01,233.43
1970-02,212.01
1970-03,247.51
1970-04,222.49
1970-05,204.97
1970-06,153.39
1970-07,173.06
1970-08,152.25
1970-09,221.44
1970-10,231.88
1970-11,233.26
1970-12,241.96
1971-01,257.47
1971-02,231.35
1971-03,215.52
1971-04,175.48
1971-05,185.51
1971-06,196.38
1971-07,211.12
1971-08,206.62
1971-09,183.38
1971-10,235.92
1971-11,240.01
1971-12,230.99
1972-01,203.46
1972-02,193.95
1972-03,223.63
1972-04,198.03
1972-05,197.16
1972-06,175.72
1972-07,183.97
1972-08,238.53
1972-09,254.9
1972-10,235.37
1972-11,222.13
1972-12,189.82
1973-01,203.06
1973-02,220.69
1973-03,188.01
1973-04,188.53
1973-05,179.74
1973-06,184.57
1973-07,223.51
1973-08,235.83
1973-09,225.21
1973-10,261.97
1973-11,239.79
1973-12,252.6
1974-01,242.88
1974-02,233.15
1974-03,235.13
1974-04,198.6
1974-05,174.91
1974-06,183.98
1974-07,223.19
1974-08,249.06
1974-09,252.87
1974-10,252.97
1974-11,231.5
1974-12,275.56
1975-01,255.27
1975-02,253.23
1975-03,215.77
1975-04,189.16
1975-05,196.26
1975-06,179.72
1975-07,195.89
1975-08,215.22
1975-09,232.96
1975-10,232.71
1975-11,259.76
1975-12,230.58
1976-01,208.11
1976-02,261.61
1976-03,186.54
1976-04,175.94
1976-05,171.88
1976-06,182.13
1976-07,202.28
1976-08,204.31
1976-09,221.21
1976-10,235.31
1976-11,233.68
1976-12,233.23
1977-01,210.91
1977-02,244.52
1977-03,229.88
1977-04,176.84
1977-05,190.7
1977-06,132.75
1977-07,203.58
1977-08,239.95
1977-09,216.93
1977-10,216.93
1977-11,220.51
1977-12,235.19
1978-01,241.66
1978-02,252.86
1978-03,208.94
1978-04,201.15
1978-05,168.64
1978-06,190.38
1978-07,200.97
1978-08,218.43
1978-09,222.39
1978-10,210.42
1978-11,212.12
1978-12,229.56
1979-01,187.25
1979-02,229.6
1979-03,236.39
1979-04,217.04
1979-05,187.03
1979-06,205.3
1979-07,202.08
1979-08,233.1
1979-09,248.08
1979-10,242.22
1979-11,238.0
1979-12,200.54
1980-01,248.55
1980-02,246.93
1980-03,192.39
1980-04,205.39
1980-05,181.38
1980-06,198.03
1980-07,221.68
1980-08,214.79
1980-09,225.31
1980-10,217.5
1980-11,218.29
1980-12,210.78
1981-01,212.77
1981-02,242.13
1981-03,192.16
1981-04,213.18
1981-05,197.24
1981-06,185.62
1981-07,198.74
1981-08,225.18
1981-09,216.49
1981-10,210.76
1981-11,235.4
1981-12,261.12
1982-01,192.69
1982-02,245.64
1982-03,220.21
1982-04,215.18
1982-05,193.05
1982-06,185.8
1982-07,166.86
1982-08,238.47
1982-09,224.62
1982-10,217.88
1982-11,248.73
1982-12,219.34
1983-01,257.36
1983-02,231.42
1983-03,213.56
1983-04,195.53
1983-05,183.17
1983-06,186.37
1983-07,214.47
1983-08,208.12
1983-09,190.54
1983-10,247.85
1983-11,239.44
1983-12,214.92
1984-01,234.22
1984-02,227.13
1984-03,207.46
1984-04,200.48
1984-05,184.63
1984-06,166.52
1984-07,202.19
1984-08,206.41
1984-09,223.88
1984-10,245.18
1984-11,240.91
1984-12,217.52
1985-01,225.62
1985-02,238.1
1985-03,212.09
1985-04,216.17
1985-05,171.96
1985-06,184.2
1985-07,162.29
1985-08,205.89
1985-09,214.33
1985-10,216.27
1985-11,219.66
1985-12,229.42
1986-01,219.4
1986-02,216.03
1986-03,213.18
1986-04,213.21
1986-05,180.51
1986-06,168.35
1986-07,218.61
1986-08,225.11
1986-09,225.91
1986-10,237.99
1986-11,228.26
1986-12,171.08
1987-01,240.42
1987-02,202.07
1987-03,209.0
1987-04,167.29
1987-05,153.93
1987-06,150.49
1987-07,205.75
1987-08,216.8
1987-09,254.16
1987-10,270.87
1987-11,204.55
1987-12,233.35
1988-01,262.65
1988-02,230.24
1988-03,224.79
1988-04,211.22
1988-05,189.27
1988-06,182.28
1988-07,208.22
1988-08,223.15
1988-09,209.59
1988-10,217.36
1988-11,224.41
1988-12,226.37
1989-01,249.5
1989-02,231.45
1989-03,206.45
1989-04,215.75
1989-05,206.3
1989-06,200.69
1989-07,219.2
1989-08,219.02
1989-09,198.67
1989-10,223.03
1989-11,206.17
1989-12,217.5
1990-01,237.76
1990-02,226.36
1990-03,245.75
1990-04,182.85
1990-05,177.18
1990-06,156.24
1990-07,188.59
1990-08,207.41
1990-09,233.72
1990-10,230.76
1990-11,215.71
1990-12,202.72
1991-01,222.12
1991-02,260.75
1991-03,224.53
1991-04,218.47
1991-05,180.69
1991-06,204.06
1991-07,216.45
1991-08,190.91
1991-09,187.49
1991-10,234.24
1991-11,233.37
1991-12,263.96
1992-01,235.13
1992-02,223.66
1992-03,213.04
1992-04,197.55
1992-05,179.88
1992-06,167.95
1992-07,161.66
1992-08,237.43
1992-09,239.32
1992-10,234.47
1992-11,219.06
1992-12,222.29
1993-01,239.11
1993-02,245.93
1993-03,188.75
1993-04,211.76
1993-05,179.95
1993-06,198.71
1993-07,209.64
1993-08,239.96
1993-09,184.66
1993-10,264.57
1993-11,216.0
1993-12,212.92
1994-01,239.91
1994-02,248.35
1994-03,183.61
1994-04,207.13
1994-05,153.87
1994-06,180.87
1994-07,164.6
1994-08,210.35
1994-09,207.28
1994-10,211.69
1994-11,194.81
1994-12,220.05
1995-01,221.61
1995-02,231.03
1995-03,192.38
1995-04,177.57
1995-05,166.53
1995-06,186.99
1995-07,194.39
1995-08,202.02
1995-09,215.48
1995-10,221.41
1995-11,167.96
1995-12,163.66
1996-01,222.77
1996-02,209.3
1996-03,181.11
1996-04,167.02
1996-05,207.71
1996-06,192.43
1996-07,204.07
1996-08,213.53
1996-09,203.75
1996-10,208.03
1996-11,176.28
1996-12,247.68
1997-01,220.96
1997-02,206.56
1997-03,172.1
1997-04,225.94
1997-05,224.01
1997-06,171.9
1997-07,174.36
1997-08,200.34
1997-09,235.32
1997-10,211.81
1997-11,233.09
1997-12,212.62
1998-01,248.43
1998-02,254.95
1998-03,204.93
1998-04,208.43
1998-05,173.43
1998-06,169.99
1998-07,196.63
1998-08,214.86
1998-09,226.75
1998-10,236.24
1998-11,248.32
1998-12,262.51
1999-01,235.37
1999-02,225.42
1999-03,215.22
1999-04,191.49
1999-05,177.81
1999-06,181.54
1999-07,214.63
1999-08,201.5
1999-09,204.15
1999-10,182.03
1999-11,232.77
1999-12,258.72
2000-01,203.23
2000-02,216.05
2000-03,227.26
2000-04,210.59
2000-05,204.48
2000-06,178.0
2000-07,199.95
2000-08,220.19
2000-09,175.3
2000-10,219.05
2000-11,242.69
2000-12,242.3
2001-01,235.26
2001-02,222.32
2001-03,203.34
2001-04,208.45
2001-05,194.25
2001-06,166.71
2001-07,213.91
2001-08,211.11
2001-09,222.56
2001-10,231.21
2001-11,207.91
2001-12,228.24
2002-01,246.7
2002-02,226.32
2002-03,241.16
2002-04,183.7
2002-05,208.33
2002-06,196.59
2002-07,201.26
2002-08,216.05
2002-09,232.42
2002-10,204.68
2002-11,241.23
2002-12,248.54
2003-01,251.29
2003-02,226.99
2003-03,239.81
2003-04,195.85
2003-05,169.62
2003-06,171.74
2003-07,205.19
2003-08,206.94
2003-09,223.71
2003-10,235.37
2003-11,241.49
2003-12,225.14
2004-01,267.76
2004-02,237.77
2004-03,211.65
2004-04,196.55
2004-05,162.11
2004-06,168.51
2004-07,191.12
2004-08,210.22
2004-09,206.57
2004-10,188.06
2004-11,200.91
2004-12,211.43
2005-01,207.51
2005-02,230.27
2005-03,215.83
2005-04,235.63
2005-05,174.01
2005-06,200.06
2005-07,183.66
2005-08,200.63
2005-09,208.48
2005-10,230.57
2005-11,212.97
2005-12,213.47
2006-01,252.45
2006-02,227.51
2006-03,168.79
2006-04,173.63
2006-05,187.09
2006-06,206.95
2006-07,222.84
2006-08,224.5
2006-09,244.2
2006-10,222.75
2006-11,230.16
2006-12,230.62
2007-01,245.03
2007-02,255.68
2007-03,237.03
2007-04,207.65
2007-05,144.36
2007-06,194.98
2007-07,205.4
2007-08,207.21
2007-09,197.79
2007-10,236.19
2007-11,229.94
2007-12,251.17
2008-01,222.87
2008-02,214.47
2008-03,198.93
2008-04,186.22
2008-05,189.53
2008-06,189.73
2008-07,172.45
2008-08,216.7
2008-09,245.11
2008-10,194.88
2008-11,251.15
2008-12,242.01
2009-01,242.07
2009-02,227.95
2009-03,228.47
2009-04,190.4
2009-05,183.59
2009-06,175.66
2009-07,187.31
2009-08,205.34
2009-09,245.44
2009-10,201.48
2009-11,217.68
2009-12,205.93
2010-01,257.6
2010-02,243.05
2010-03,197.08
2010-04,219.82
2010-05,190.9
2010-06,196.5
2010-07,179.76
2010-08,180.92
2010-09,214.19
2010-10,192.96
2010-11,242.27
2010-12,228.48
2011-01,206.19
2011-02,207.59
2011-03,203.31
2011-04,200.78
2011-05,189.4
2011-06,199.6
2011-07,211.58
2011-08,210.15
2011-09,192.46
2011-10,240.58
2011-11,250.45
2011-12,228.4
2012-01,242.35
2012-02,220.17
2012-03,192.08
2012-04,209.93
2012-05,186.32
2012-06,197.37
2012-07,215.61
2012-08,261.16
2012-09,210.23
2012-10,253.55
2012-11,229.58
2012-12,233.2
2013-01,255.42
2013-02,247.74
2013-03,243.31
2013-04,194.8
2013-05,193.72
2013-06,164.52
2013-07,212.78
2013-08,184.55
2013-09,151.05
2013-10,256.63
2013-11,240.52
2013-12,259.57
2014-01,226.03
2014-02,273.51
2014-03,222.18
2014-04,199.45
2014-05,214.73
2014-06,187.48
2014-07,175.23
2014-08,220.53
2014-09,243.63
2014-10,197.63
2014-11,242.72
2014-12,202.04
